,Linear Regression,GARCH,Mini LSTM,Winner
PICP,0.988950276243094,0.9493554327808471,0.9521178637200737,GARCH
PICP Miss,-0.038950276243093995,0.0006445672191528473,-0.0021178637200737205,GARCH
Mean width (MPIW),0.06203681544795586,0.03968938230059604,0.04068555645841411,GARCH
Interval Score,0.06373813746703264,0.049096008248359524,0.050226206742716335,GARCH
Correlation (vol. vs. errors),0.2942111242132963,0.34123768745623495,0.31633473747767293,GARCH
PICP/MPIW,15.941344975593525,23.919632348790422,23.40186411591202,GARCH
Direction Accuracy,0.28110599078341014,0.28847926267281104,0.2608294930875576,GARCH
