,Linear Regression,GARCH,GARCH-GJR,Mini LSTM,Mini LSTM w RVOL,Mini LSTM w RVOL & VIX,Monte Carlo LSTM w RVOL & VIX,Transformer MDN w MC Dropout,Yesterday's VIX,Yesterday's RVOL,LSTM MDN,Winner
PICP,0.988950276243094,0.9493554327808471,0.9539594843462247,0.9521178637200737,0.9502762430939227,0.9465930018416207,0.934622467771639,0.9521178637200737,0.9861878453038674,0.9337016574585635,0.9511970534069981,Mini LSTM w RVOL
PICP Miss,-0.038950276243093995,0.0006445672191528473,-0.003959484346224729,-0.0021178637200737205,-0.0002762430939227123,0.003406998158379304,0.015377532228360913,-0.0021178637200737205,-0.03618784530386743,0.016298342541436472,-0.0011970534069981609,Mini LSTM w RVOL
Mean width (MPIW),0.06203681544795586,0.03968938230059604,0.03887878992667746,0.04068555645841411,0.040981948799151235,0.0390521772657008,0.03711102920720845,0.0440005158742739,0.050188820955226664,0.038530117066332845,0.039085496902401075,Monte Carlo LSTM w RVOL & VIX
Interval Score,0.06373813746703264,0.049096008248359524,0.04884118156188722,0.050226206742716335,0.0499660872193571,0.04881370533539609,0.049766334274736965,0.05457305015701941,0.05320607151606831,0.05075057050212582,0.048100068660889644,LSTM MDN
Correlation (vol. vs. errors),0.2942111242132963,0.34123768745623495,0.3800828709732428,0.31633473747767293,0.32536065414083726,0.4044782426999616,0.3854553683846175,0.22988010337306614,0.3962036350861534,0.325163199808034,0.39232621480790214,Mini LSTM w RVOL & VIX
PICP/MPIW,15.941344975593525,23.919632348790422,24.53675863228568,23.40186411591202,23.187678256862288,24.239186342959815,25.184493336285534,21.638788655129275,19.649551962650076,24.233034533767892,24.336317273442795,Monte Carlo LSTM w RVOL & VIX
NLL,-3.9876473084050343,-4.139020458973582,-4.147762606455164,-4.130603085369486,-4.1322079577471955,-4.159617482972262,-4.141827318093407,-4.080537758248643,-4.0994915588726055,-4.109852565304665,-3.2614655,Mini LSTM w RVOL & VIX
Direction Accuracy,0.28110599078341014,0.28847926267281104,0.4055299539170507,0.2608294930875576,0.2912442396313364,0.5622119815668203,0.5732718894009217,0.511520737327189,0.5023041474654378,0.30230414746543777,0.5695852534562212,Monte Carlo LSTM w RVOL & VIX
