,Linear Regression,GARCH,GARCH-GJR,Mini LSTM,Mini LSTM w/ RVOL,Mini LSTM w/ RVOL & VIX,Yesterday's VIX,Yesterday's RVOL,Winner
PICP,0.988950276243094,0.9493554327808471,0.9539594843462247,0.9521178637200737,0.9502762430939227,0.9465930018416207,0.9861878453038674,0.9337016574585635,Mini LSTM w/ RVOL
PICP Miss,-0.038950276243093995,0.0006445672191528473,-0.003959484346224729,-0.0021178637200737205,-0.0002762430939227123,0.003406998158379304,-0.03618784530386743,0.016298342541436472,Mini LSTM w/ RVOL
Mean width (MPIW),0.06203681544795586,0.03968938230059604,0.03887878992667746,0.04068555645841411,0.040981948799151235,0.03918991134485772,0.050188820955226664,0.038530117066332845,Yesterday's RVOL
Interval Score,0.06373813746703264,0.049096008248359524,0.04884118156188722,0.050226206742716335,0.0499660872193571,0.049220690683199966,0.05320607151606831,0.05075057050212582,GARCH-GJR
Correlation (vol. vs. errors),0.2942111242132963,0.34123768745623495,0.3800828709732428,0.31633473747767293,0.32536065414083726,0.3767099361457536,0.3962036350861534,0.325163199808034,Yesterday's VIX
PICP/MPIW,15.941344975593525,23.919632348790422,24.53675863228568,23.40186411591202,23.187678256862288,24.153997020098572,19.649551962650076,24.233034533767892,GARCH-GJR
NLL,-3.9876473084050343,-4.139020458973582,-4.147762606455164,-4.130603085369486,-4.1322079577471955,-4.153357829411062,-4.0994915588726055,-4.109852565304665,Mini LSTM w/ RVOL & VIX
Direction Accuracy,0.28110599078341014,0.28847926267281104,0.4055299539170507,0.2608294930875576,0.2912442396313364,0.5447004608294931,0.5023041474654378,0.30230414746543777,Mini LSTM w/ RVOL & VIX
