,Linear Regression,GARCH,GARCH-GJR,Mini LSTM,Mini LSTM w RVOL,Mini LSTM w RVOL & VIX,Monte Carlo LSTM w RVOL & VIX,Transformer MDN w MC Dropout,Yesterday's VIX,Yesterday's RVOL,LSTM MDN v1,LSTM MDN v2,Winner
PICP,0.988950276243094,0.9493554327808471,0.9539594843462247,0.9521178637200737,0.9502762430939227,0.9465930018416207,0.934622467771639,0.9521178637200737,0.9861878453038674,0.9337016574585635,0.9511970534069981,0.929097605893186,Mini LSTM w RVOL
PICP Miss,-0.038950276243093995,0.0006445672191528473,-0.003959484346224729,-0.0021178637200737205,-0.0002762430939227123,0.003406998158379304,0.015377532228360913,-0.0021178637200737205,-0.03618784530386743,0.016298342541436472,-0.0011970534069981609,0.020902394106813937,Mini LSTM w RVOL
Mean width (MPIW),0.06203681544795586,0.03968938230059604,0.03887878992667746,0.04068555645841411,0.040981948799151235,0.0390521772657008,0.03711102920720845,0.0440005158742739,0.050188820955226664,0.038530117066332845,0.039085496902401075,0.03731600956091854,Monte Carlo LSTM w RVOL & VIX
Interval Score,0.06373813746703264,0.049096008248359524,0.04884118156188722,0.050226206742716335,0.0499660872193571,0.04881370533539609,0.049766334274736965,0.05457305015701941,0.05320607151606831,0.05075057050212582,0.048100068660889644,0.04903786418778758,LSTM MDN v1
Correlation (vol. vs. errors),0.2942111242132963,0.34123768745623495,0.3800828709732428,0.31633473747767293,0.32536065414083726,0.4044782426999616,0.3854553683846175,0.22988010337306614,0.3962036350861534,0.325163199808034,0.39232621480790214,0.38753082911176573,Mini LSTM w RVOL & VIX
NLL,-3.0687087752004176,-3.220081925769376,-3.228824088589876,-3.2116645521651055,-3.2132694245430624,-3.240678950442148,-3.2228887863576414,-3.1615992250541454,-3.1805530256679937,-3.190914032149807,-3.261465511050612,-3.2557386802007042,LSTM MDN v1
QL,-0.023206368309100504,-0.012032651735420587,-0.011627355548461294,-0.01253073881432962,-0.012678934984698183,-0.011714049217972967,-0.010743475188726788,-0.014179934051241424,-0.017282371062735898,-0.01145301911828899,-0.01159340171966276,-0.01060272275130601,LSTM MDN v2
