,Linear Regression,GARCH,Mini LSTM,Mini LSTM w/ RVOL,Mini LSTM w/ RVOL & VIX,VIX,Winner
PICP,0.988950276243094,0.9493554327808471,0.9521178637200737,0.9502762430939227,0.9465930018416207,0.992633517495396,Mini LSTM w/ RVOL
PICP Miss,-0.038950276243093995,0.0006445672191528473,-0.0021178637200737205,-0.0002762430939227123,0.003406998158379304,-0.04263351749539601,Mini LSTM w/ RVOL
Mean width (MPIW),0.06203681544795586,0.03968938230059604,0.04068555645841411,0.040981948799151235,0.03918991134485772,0.050161012654711165,Mini LSTM w/ RVOL & VIX
Interval Score,0.06373813746703264,0.049096008248359524,0.050226206742716335,0.0499660872193571,0.049220690683199966,0.052066387176966,GARCH
Correlation (vol. vs. errors),0.2942111242132963,0.34123768745623495,0.31633473747767293,0.32536065414083726,0.3767099361457536,0.4548052034741836,VIX
PICP/MPIW,15.941344975593525,23.919632348790422,23.40186411591202,23.187678256862288,24.153997020098572,19.788944938737536,Mini LSTM w/ RVOL & VIX
NLL,-3.9876473084050343,-4.139020458973582,-4.130603085369486,-4.1322079577471955,-4.153357829411062,-4.111356927545748,Mini LSTM w/ RVOL & VIX
Direction Accuracy,0.28110599078341014,0.28847926267281104,0.2608294930875576,0.2912442396313364,0.5447004608294931,0.5235023041474655,Mini LSTM w/ RVOL & VIX
