,Linear Regression,GARCH,Mini LSTM,Mini LSTM w/ RVOL,Mini LSTM w/ RVOL & VIX,VIX,Winner
PICP,0.988950276243094,0.9493554327808471,0.9521178637200737,0.9502762430939227,0.9539594843462247,0.992633517495396,Mini LSTM w/ RVOL
PICP Miss,-0.038950276243093995,0.0006445672191528473,-0.0021178637200737205,-0.0002762430939227123,-0.003959484346224729,-0.04263351749539601,Mini LSTM w/ RVOL
Mean width (MPIW),0.06203681544795586,0.03968938230059604,0.04068555645841411,0.040981948799151235,0.039631726086958786,0.050161012654711165,Mini LSTM w/ RVOL & VIX
Interval Score,0.06373813746703264,0.049096008248359524,0.050226206742716335,0.0499660872193571,0.05023749410063393,0.052066387176966,GARCH
Correlation (vol. vs. errors),0.2942111242132963,0.34123768745623495,0.31633473747767293,0.32536065414083726,0.32440573859694427,0.4548052034741836,VIX
PICP/MPIW,15.941344975593525,23.919632348790422,23.40186411591202,23.187678256862288,24.07060147350318,19.788944938737536,Mini LSTM w/ RVOL & VIX
NLL,-3.0687087752003617,-3.2200819257689095,-3.211664552164814,-3.2132694245425233,-3.2077743166403767,-3.1924183943410753,GARCH
Direction Accuracy,0.28110599078341014,0.28847926267281104,0.2608294930875576,0.2912442396313364,0.5207373271889401,0.5235023041474655,VIX
